regime,topology,method,run_id,client_trip,eval_acc,server_step
iid,all_rpi5,fedavg,c97h9zuy,15,0.4021,1
iid,all_rpi5,fedavg,c97h9zuy,30,0.4448,2
iid,all_rpi5,fedavg,c97h9zuy,45,0.4758,3
iid,all_rpi5,fedavg,c97h9zuy,60,0.4994,4
iid,all_rpi5,fedavg,c97h9zuy,75,0.5194,5
iid,all_rpi5,fedavg,c97h9zuy,90,0.5365,6
iid,all_rpi5,fedavg,c97h9zuy,105,0.5505,7
iid,all_rpi5,fedavg,c97h9zuy,120,0.5617,8
iid,all_rpi5,fedavg,c97h9zuy,135,0.5717,9
iid,all_rpi5,fedavg,c97h9zuy,150,0.5819,10
iid,all_rpi5,fedavg,c97h9zuy,165,0.5907,11
iid,all_rpi5,fedavg,c97h9zuy,180,0.5996,12
iid,all_rpi5,fedavg,c97h9zuy,195,0.6061,13
iid,all_rpi5,fedbuff,6eom2gov,10,0.3958,1
iid,all_rpi5,fedbuff,6eom2gov,20,0.3795,2
iid,all_rpi5,fedbuff,6eom2gov,30,0.39,3
iid,all_rpi5,fedbuff,6eom2gov,40,0.4322,4
iid,all_rpi5,fedbuff,6eom2gov,50,0.4643,5
iid,all_rpi5,fedbuff,6eom2gov,60,0.4704,6
iid,all_rpi5,fedbuff,6eom2gov,70,0.4779,7
iid,all_rpi5,fedbuff,6eom2gov,80,0.4945,8
iid,all_rpi5,fedbuff,6eom2gov,90,0.5194,9
iid,all_rpi5,fedbuff,6eom2gov,100,0.5226,10
iid,all_rpi5,fedbuff,6eom2gov,110,0.5218,11
iid,all_rpi5,fedbuff,6eom2gov,120,0.5312,12
iid,all_rpi5,fedbuff,6eom2gov,130,0.5433,13
iid,all_rpi5,fedbuff,6eom2gov,140,0.5468,14
iid,all_rpi5,fedbuff,6eom2gov,150,0.5503,15
iid,all_rpi5,fedbuff,6eom2gov,160,0.5644,16
iid,all_rpi5,fedbuff,6eom2gov,170,0.5726,17
iid,all_rpi5,fedbuff,6eom2gov,180,0.5772,18
iid,all_rpi5,fedbuff,6eom2gov,190,0.5855,19
iid,all_rpi5,fedbuff,6eom2gov,200,0.5909,20
iid,all_rpi5,fedbuff,6eom2gov,210,0.5933,21
iid,all_rpi5,fedbuff,6eom2gov,220,0.596,22
iid,all_rpi5,fedbuff,6eom2gov,230,0.5981,23
iid,all_rpi5,fedbuff,6eom2gov,240,0.6051,24
iid,all_rpi5,fedstaleweight,ey33oqo6,10,0.4,1
iid,all_rpi5,fedstaleweight,ey33oqo6,20,0.4105,2
iid,all_rpi5,fedstaleweight,ey33oqo6,30,0.4108,3
iid,all_rpi5,fedstaleweight,ey33oqo6,40,0.4253,4
iid,all_rpi5,fedstaleweight,ey33oqo6,50,0.4441,5
iid,all_rpi5,fedstaleweight,ey33oqo6,60,0.4702,6
iid,all_rpi5,fedstaleweight,ey33oqo6,70,0.4872,7
iid,all_rpi5,fedstaleweight,ey33oqo6,80,0.4999,8
iid,all_rpi5,fedstaleweight,ey33oqo6,90,0.5089,9
iid,all_rpi5,fedstaleweight,ey33oqo6,100,0.5142,10
iid,all_rpi5,fedstaleweight,ey33oqo6,110,0.525,11
iid,all_rpi5,fedstaleweight,ey33oqo6,120,0.5278,12
iid,all_rpi5,fedstaleweight,ey33oqo6,130,0.5358,13
iid,all_rpi5,fedstaleweight,ey33oqo6,140,0.5417,14
iid,all_rpi5,fedstaleweight,ey33oqo6,150,0.547,15
iid,all_rpi5,fedstaleweight,ey33oqo6,160,0.5538,16
iid,all_rpi5,fedstaleweight,ey33oqo6,170,0.5576,17
iid,all_rpi5,fedstaleweight,ey33oqo6,180,0.5666,18
iid,all_rpi5,fedstaleweight,ey33oqo6,190,0.5696,19
iid,all_rpi5,fedstaleweight,ey33oqo6,200,0.5728,20
iid,all_rpi5,fedstaleweight,ey33oqo6,210,0.5781,21
iid,all_rpi5,fedstaleweight,ey33oqo6,220,0.5794,22
iid,all_rpi5,fedstaleweight,ey33oqo6,230,0.5824,23
iid,all_rpi5,fedstaleweight,ey33oqo6,240,0.5863,24
iid,all_rpi5,fedstaleweight,ey33oqo6,250,0.5889,25
iid,all_rpi5,fedstaleweight,ey33oqo6,260,0.5919,26
iid,all_rpi5,fedstaleweight,ey33oqo6,270,0.5999,27
iid,all_rpi5,fedstaleweight,ey33oqo6,280,0.6068,28
noniid,all_rpi5,fedavg,6l03ojrq,15,0.2716,1
noniid,all_rpi5,fedavg,6l03ojrq,30,0.3416,2
noniid,all_rpi5,fedavg,6l03ojrq,45,0.3716,3
noniid,all_rpi5,fedavg,6l03ojrq,60,0.3944,4
noniid,all_rpi5,fedavg,6l03ojrq,75,0.4158,5
noniid,all_rpi5,fedavg,6l03ojrq,90,0.436,6
noniid,all_rpi5,fedavg,6l03ojrq,105,0.4479,7
noniid,all_rpi5,fedavg,6l03ojrq,120,0.463,8
noniid,all_rpi5,fedavg,6l03ojrq,135,0.4731,9
noniid,all_rpi5,fedavg,6l03ojrq,150,0.4837,10
noniid,all_rpi5,fedavg,6l03ojrq,165,0.4953,11
noniid,all_rpi5,fedavg,6l03ojrq,180,0.5027,12
noniid,all_rpi5,fedavg,6l03ojrq,195,0.5106,13
noniid,all_rpi5,fedavg,6l03ojrq,210,0.5211,14
noniid,all_rpi5,fedavg,6l03ojrq,225,0.529,15
noniid,all_rpi5,fedavg,6l03ojrq,240,0.5353,16
noniid,all_rpi5,fedavg,6l03ojrq,255,0.5425,17
noniid,all_rpi5,fedavg,6l03ojrq,270,0.5482,18
noniid,all_rpi5,fedavg,6l03ojrq,285,0.5543,19
noniid,all_rpi5,fedavg,6l03ojrq,300,0.5611,20
noniid,all_rpi5,fedavg,6l03ojrq,315,0.5649,21
noniid,all_rpi5,fedavg,6l03ojrq,330,0.5706,22
noniid,all_rpi5,fedavg,6l03ojrq,345,0.5737,23
noniid,all_rpi5,fedavg,6l03ojrq,360,0.577,24
noniid,all_rpi5,fedavg,6l03ojrq,375,0.5816,25
noniid,all_rpi5,fedavg,6l03ojrq,390,0.5861,26
noniid,all_rpi5,fedavg,6l03ojrq,405,0.5904,27
noniid,all_rpi5,fedavg,6l03ojrq,420,0.5933,28
noniid,all_rpi5,fedavg,6l03ojrq,435,0.5961,29
noniid,all_rpi5,fedavg,6l03ojrq,450,0.5995,30
noniid,all_rpi5,fedavg,6l03ojrq,465,0.6019,31
noniid,all_rpi5,fedbuff,k2bpz79x,10,0.2358,1
noniid,all_rpi5,fedbuff,k2bpz79x,20,0.2823,2
noniid,all_rpi5,fedbuff,k2bpz79x,30,0.2999,3
noniid,all_rpi5,fedbuff,k2bpz79x,40,0.3178,4
noniid,all_rpi5,fedbuff,k2bpz79x,60,0.3337,6
noniid,all_rpi5,fedbuff,k2bpz79x,70,0.3712,7
noniid,all_rpi5,fedbuff,k2bpz79x,130,0.4045,13
noniid,all_rpi5,fedbuff,k2bpz79x,150,0.429,15
noniid,all_rpi5,fedbuff,k2bpz79x,170,0.4245,17
noniid,all_rpi5,fedbuff,k2bpz79x,190,0.4449,19
noniid,all_rpi5,fedbuff,k2bpz79x,200,0.4231,20
noniid,all_rpi5,fedbuff,k2bpz79x,220,0.4544,22
noniid,all_rpi5,fedbuff,k2bpz79x,270,0.4741,27
noniid,all_rpi5,fedbuff,k2bpz79x,280,0.4784,28
noniid,all_rpi5,fedbuff,k2bpz79x,290,0.4985,29
noniid,all_rpi5,fedbuff,k2bpz79x,310,0.4933,31
noniid,all_rpi5,fedbuff,k2bpz79x,330,0.4918,33
noniid,all_rpi5,fedbuff,k2bpz79x,340,0.488,34
noniid,all_rpi5,fedbuff,k2bpz79x,350,0.4832,35
noniid,all_rpi5,fedbuff,k2bpz79x,360,0.4836,36
noniid,all_rpi5,fedbuff,k2bpz79x,380,0.4583,38
noniid,all_rpi5,fedbuff,k2bpz79x,390,0.4832,39
noniid,all_rpi5,fedbuff,k2bpz79x,400,0.4877,40
noniid,all_rpi5,fedbuff,k2bpz79x,420,0.4957,42
noniid,all_rpi5,fedbuff,k2bpz79x,430,0.5038,43
noniid,all_rpi5,fedbuff,k2bpz79x,440,0.5043,44
noniid,all_rpi5,fedbuff,k2bpz79x,460,0.5112,46
noniid,all_rpi5,fedbuff,k2bpz79x,500,0.5516,50
noniid,all_rpi5,fedbuff,k2bpz79x,510,0.5388,51
noniid,all_rpi5,fedbuff,k2bpz79x,520,0.5456,52
noniid,all_rpi5,fedbuff,k2bpz79x,540,0.5224,54
noniid,all_rpi5,fedbuff,k2bpz79x,560,0.5404,56
noniid,all_rpi5,fedbuff,k2bpz79x,570,0.5348,57
noniid,all_rpi5,fedbuff,k2bpz79x,590,0.5553,59
noniid,all_rpi5,fedbuff,k2bpz79x,650,0.5663,65
noniid,all_rpi5,fedbuff,k2bpz79x,690,0.5441,69
noniid,all_rpi5,fedbuff,k2bpz79x,700,0.5306,70
noniid,all_rpi5,fedbuff,k2bpz79x,710,0.561,71
noniid,all_rpi5,fedbuff,k2bpz79x,720,0.5775,72
noniid,all_rpi5,fedbuff,k2bpz79x,730,0.5801,73
noniid,all_rpi5,fedbuff,k2bpz79x,740,0.5779,74
noniid,all_rpi5,fedbuff,k2bpz79x,770,0.5765,77
noniid,all_rpi5,fedbuff,k2bpz79x,790,0.5723,79
noniid,all_rpi5,fedbuff,k2bpz79x,800,0.5624,80
noniid,all_rpi5,fedbuff,k2bpz79x,810,0.554,81
noniid,all_rpi5,fedbuff,k2bpz79x,820,0.5604,82
noniid,all_rpi5,fedbuff,k2bpz79x,830,0.5669,83
noniid,all_rpi5,fedbuff,k2bpz79x,860,0.5831,86
noniid,all_rpi5,fedbuff,k2bpz79x,880,0.5768,88
noniid,all_rpi5,fedbuff,k2bpz79x,890,0.5802,89
noniid,all_rpi5,fedbuff,k2bpz79x,910,0.5887,91
noniid,all_rpi5,fedbuff,k2bpz79x,930,0.5836,93
noniid,all_rpi5,fedbuff,k2bpz79x,940,0.5968,94
noniid,all_rpi5,fedbuff,k2bpz79x,950,0.5832,95
noniid,all_rpi5,fedbuff,k2bpz79x,960,0.5802,96
noniid,all_rpi5,fedbuff,k2bpz79x,980,0.5972,98
noniid,all_rpi5,fedbuff,k2bpz79x,990,0.5966,99
noniid,all_rpi5,fedbuff,k2bpz79x,1000,0.5956,100
noniid,all_rpi5,fedstaleweight,59wlhy0n,10,0.2782,1
noniid,all_rpi5,fedstaleweight,59wlhy0n,20,0.2681,2
noniid,all_rpi5,fedstaleweight,59wlhy0n,30,0.2913,3
noniid,all_rpi5,fedstaleweight,59wlhy0n,40,0.3047,4
noniid,all_rpi5,fedstaleweight,59wlhy0n,50,0.3305,5
noniid,all_rpi5,fedstaleweight,59wlhy0n,60,0.3815,6
noniid,all_rpi5,fedstaleweight,59wlhy0n,70,0.4296,7
noniid,all_rpi5,fedstaleweight,59wlhy0n,90,0.4052,9
noniid,all_rpi5,fedstaleweight,59wlhy0n,100,0.4066,10
noniid,all_rpi5,fedstaleweight,59wlhy0n,110,0.406,11
noniid,all_rpi5,fedstaleweight,59wlhy0n,120,0.3985,12
noniid,all_rpi5,fedstaleweight,59wlhy0n,130,0.4282,13
noniid,all_rpi5,fedstaleweight,59wlhy0n,140,0.4057,14
noniid,all_rpi5,fedstaleweight,59wlhy0n,150,0.4707,15
noniid,all_rpi5,fedstaleweight,59wlhy0n,160,0.491,16
noniid,all_rpi5,fedstaleweight,59wlhy0n,170,0.5051,17
noniid,all_rpi5,fedstaleweight,59wlhy0n,180,0.479,18
noniid,all_rpi5,fedstaleweight,59wlhy0n,190,0.4746,19
noniid,all_rpi5,fedstaleweight,59wlhy0n,200,0.4698,20
noniid,all_rpi5,fedstaleweight,59wlhy0n,210,0.471,21
noniid,all_rpi5,fedstaleweight,59wlhy0n,220,0.4674,22
noniid,all_rpi5,fedstaleweight,59wlhy0n,230,0.4877,23
noniid,all_rpi5,fedstaleweight,59wlhy0n,240,0.5175,24
noniid,all_rpi5,fedstaleweight,59wlhy0n,250,0.5064,25
noniid,all_rpi5,fedstaleweight,59wlhy0n,260,0.5179,26
noniid,all_rpi5,fedstaleweight,59wlhy0n,270,0.4922,27
noniid,all_rpi5,fedstaleweight,59wlhy0n,280,0.5,28
noniid,all_rpi5,fedstaleweight,59wlhy0n,290,0.4935,29
noniid,all_rpi5,fedstaleweight,59wlhy0n,300,0.5047,30
noniid,all_rpi5,fedstaleweight,59wlhy0n,310,0.5208,31
noniid,all_rpi5,fedstaleweight,59wlhy0n,320,0.5336,32
noniid,all_rpi5,fedstaleweight,59wlhy0n,330,0.5493,33
noniid,all_rpi5,fedstaleweight,59wlhy0n,340,0.5575,34
noniid,all_rpi5,fedstaleweight,59wlhy0n,350,0.5419,35
noniid,all_rpi5,fedstaleweight,59wlhy0n,360,0.5394,36
noniid,all_rpi5,fedstaleweight,59wlhy0n,370,0.5275,37
noniid,all_rpi5,fedstaleweight,59wlhy0n,380,0.5225,38
noniid,all_rpi5,fedstaleweight,59wlhy0n,390,0.5379,39
noniid,all_rpi5,fedstaleweight,59wlhy0n,400,0.5348,40
noniid,all_rpi5,fedstaleweight,59wlhy0n,410,0.5468,41
noniid,all_rpi5,fedstaleweight,59wlhy0n,420,0.5342,42
noniid,all_rpi5,fedstaleweight,59wlhy0n,430,0.57,43
noniid,all_rpi5,fedstaleweight,59wlhy0n,440,0.5714,44
noniid,all_rpi5,fedstaleweight,59wlhy0n,450,0.573,45
noniid,all_rpi5,fedstaleweight,59wlhy0n,460,0.5567,46
noniid,all_rpi5,fedstaleweight,59wlhy0n,470,0.5428,47
noniid,all_rpi5,fedstaleweight,59wlhy0n,480,0.5539,48
noniid,all_rpi5,fedstaleweight,59wlhy0n,490,0.5547,49
noniid,all_rpi5,fedstaleweight,59wlhy0n,500,0.5505,50
noniid,all_rpi5,fedstaleweight,59wlhy0n,510,0.5847,51
noniid,all_rpi5,fedstaleweight,59wlhy0n,520,0.5858,52
noniid,all_rpi5,fedstaleweight,59wlhy0n,530,0.5921,53
noniid,all_rpi5,fedstaleweight,59wlhy0n,540,0.5805,54
noniid,all_rpi5,fedstaleweight,59wlhy0n,550,0.566,55
noniid,all_rpi5,fedstaleweight,59wlhy0n,560,0.5636,56
noniid,all_rpi5,fedstaleweight,59wlhy0n,570,0.5781,57
noniid,all_rpi5,fedstaleweight,59wlhy0n,580,0.5713,58
noniid,all_rpi5,fedstaleweight,59wlhy0n,590,0.5615,59
noniid,all_rpi5,fedstaleweight,59wlhy0n,600,0.589,60
noniid,all_rpi5,fedstaleweight,59wlhy0n,610,0.5623,61
noniid,all_rpi5,fedstaleweight,59wlhy0n,620,0.5665,62
noniid,all_rpi5,fedstaleweight,59wlhy0n,630,0.6025,63
iid,mixed,fedavg,t9vlpy39,15,0.4021,1
iid,mixed,fedavg,t9vlpy39,30,0.4448,2
iid,mixed,fedavg,t9vlpy39,45,0.477,3
iid,mixed,fedavg,t9vlpy39,60,0.497,4
iid,mixed,fedavg,t9vlpy39,75,0.524,5
iid,mixed,fedavg,t9vlpy39,90,0.5357,6
iid,mixed,fedavg,t9vlpy39,105,0.5482,7
iid,mixed,fedavg,t9vlpy39,120,0.5627,8
iid,mixed,fedavg,t9vlpy39,135,0.5727,9
iid,mixed,fedavg,t9vlpy39,150,0.5817,10
iid,mixed,fedavg,t9vlpy39,165,0.5899,11
iid,mixed,fedavg,t9vlpy39,180,0.5988,12
iid,mixed,fedavg,t9vlpy39,195,0.6063,13
iid,mixed,fedbuff,stlelmg4,10,0.3681,1
iid,mixed,fedbuff,stlelmg4,20,0.4001,2
iid,mixed,fedbuff,stlelmg4,30,0.4153,3
iid,mixed,fedbuff,stlelmg4,40,0.4264,4
iid,mixed,fedbuff,stlelmg4,50,0.4405,5
iid,mixed,fedbuff,stlelmg4,60,0.4539,6
iid,mixed,fedbuff,stlelmg4,70,0.4657,7
iid,mixed,fedbuff,stlelmg4,80,0.4769,8
iid,mixed,fedbuff,stlelmg4,90,0.4876,9
iid,mixed,fedbuff,stlelmg4,100,0.495,10
iid,mixed,fedbuff,stlelmg4,110,0.5004,11
iid,mixed,fedbuff,stlelmg4,120,0.5071,12
iid,mixed,fedbuff,stlelmg4,130,0.5123,13
iid,mixed,fedbuff,stlelmg4,140,0.5196,14
iid,mixed,fedbuff,stlelmg4,150,0.5249,15
iid,mixed,fedbuff,stlelmg4,160,0.5292,16
iid,mixed,fedbuff,stlelmg4,170,0.5342,17
iid,mixed,fedbuff,stlelmg4,180,0.5379,18
iid,mixed,fedbuff,stlelmg4,190,0.5453,19
iid,mixed,fedbuff,stlelmg4,200,0.5477,20
iid,mixed,fedbuff,stlelmg4,210,0.5515,21
iid,mixed,fedbuff,stlelmg4,220,0.5563,22
iid,mixed,fedbuff,stlelmg4,230,0.559,23
iid,mixed,fedbuff,stlelmg4,240,0.5625,24
iid,mixed,fedbuff,stlelmg4,250,0.5657,25
iid,mixed,fedbuff,stlelmg4,260,0.5684,26
iid,mixed,fedbuff,stlelmg4,270,0.5719,27
iid,mixed,fedbuff,stlelmg4,280,0.575,28
iid,mixed,fedbuff,stlelmg4,290,0.5779,29
iid,mixed,fedbuff,stlelmg4,300,0.5809,30
iid,mixed,fedbuff,stlelmg4,310,0.5837,31
iid,mixed,fedbuff,stlelmg4,320,0.5879,32
iid,mixed,fedbuff,stlelmg4,330,0.5906,33
iid,mixed,fedbuff,stlelmg4,340,0.593,34
iid,mixed,fedbuff,stlelmg4,350,0.5953,35
iid,mixed,fedbuff,stlelmg4,360,0.5979,36
iid,mixed,fedbuff,stlelmg4,370,0.6007,37
iid,mixed,fedstaleweight,4k0nvn9k,10,0.3998,1
iid,mixed,fedstaleweight,4k0nvn9k,20,0.4129,2
iid,mixed,fedstaleweight,4k0nvn9k,30,0.418,3
iid,mixed,fedstaleweight,4k0nvn9k,40,0.4253,4
iid,mixed,fedstaleweight,4k0nvn9k,50,0.4515,5
iid,mixed,fedstaleweight,4k0nvn9k,60,0.4574,6
iid,mixed,fedstaleweight,4k0nvn9k,70,0.4809,7
iid,mixed,fedstaleweight,4k0nvn9k,80,0.4978,8
iid,mixed,fedstaleweight,4k0nvn9k,90,0.5078,9
iid,mixed,fedstaleweight,4k0nvn9k,100,0.516,10
iid,mixed,fedstaleweight,4k0nvn9k,110,0.5269,11
iid,mixed,fedstaleweight,4k0nvn9k,120,0.5346,12
iid,mixed,fedstaleweight,4k0nvn9k,130,0.5381,13
iid,mixed,fedstaleweight,4k0nvn9k,140,0.539,14
iid,mixed,fedstaleweight,4k0nvn9k,150,0.544,15
iid,mixed,fedstaleweight,4k0nvn9k,160,0.5487,16
iid,mixed,fedstaleweight,4k0nvn9k,170,0.5545,17
iid,mixed,fedstaleweight,4k0nvn9k,180,0.5577,18
iid,mixed,fedstaleweight,4k0nvn9k,190,0.5632,19
iid,mixed,fedstaleweight,4k0nvn9k,200,0.5714,20
iid,mixed,fedstaleweight,4k0nvn9k,210,0.5784,21
iid,mixed,fedstaleweight,4k0nvn9k,220,0.5855,22
iid,mixed,fedstaleweight,4k0nvn9k,230,0.585,23
iid,mixed,fedstaleweight,4k0nvn9k,240,0.5882,24
iid,mixed,fedstaleweight,4k0nvn9k,250,0.5929,25
iid,mixed,fedstaleweight,4k0nvn9k,260,0.5934,26
iid,mixed,fedstaleweight,4k0nvn9k,270,0.5934,27
iid,mixed,fedstaleweight,4k0nvn9k,280,0.6022,28
noniid,mixed,fedavg,0ysztwpg,15,0.2716,1
noniid,mixed,fedavg,0ysztwpg,30,0.3417,2
noniid,mixed,fedavg,0ysztwpg,45,0.3716,3
noniid,mixed,fedavg,0ysztwpg,60,0.3947,4
noniid,mixed,fedavg,0ysztwpg,75,0.4137,5
noniid,mixed,fedavg,0ysztwpg,90,0.4369,6
noniid,mixed,fedavg,0ysztwpg,105,0.4466,7
noniid,mixed,fedavg,0ysztwpg,120,0.4622,8
noniid,mixed,fedavg,0ysztwpg,135,0.4759,9
noniid,mixed,fedavg,0ysztwpg,150,0.4838,10
noniid,mixed,fedavg,0ysztwpg,165,0.4942,11
noniid,mixed,fedavg,0ysztwpg,180,0.5019,12
noniid,mixed,fedavg,0ysztwpg,195,0.512,13
noniid,mixed,fedavg,0ysztwpg,210,0.5194,14
noniid,mixed,fedavg,0ysztwpg,225,0.5293,15
noniid,mixed,fedavg,0ysztwpg,240,0.5351,16
noniid,mixed,fedavg,0ysztwpg,255,0.5433,17
noniid,mixed,fedavg,0ysztwpg,270,0.5469,18
noniid,mixed,fedavg,0ysztwpg,285,0.5552,19
noniid,mixed,fedavg,0ysztwpg,300,0.5599,20
noniid,mixed,fedavg,0ysztwpg,315,0.5641,21
noniid,mixed,fedavg,0ysztwpg,330,0.5693,22
noniid,mixed,fedavg,0ysztwpg,345,0.5737,23
noniid,mixed,fedavg,0ysztwpg,360,0.5788,24
noniid,mixed,fedavg,0ysztwpg,375,0.5813,25
noniid,mixed,fedavg,0ysztwpg,390,0.5864,26
noniid,mixed,fedavg,0ysztwpg,405,0.5917,27
noniid,mixed,fedavg,0ysztwpg,420,0.593,28
noniid,mixed,fedavg,0ysztwpg,435,0.5952,29
noniid,mixed,fedavg,0ysztwpg,450,0.5988,30
noniid,mixed,fedavg,0ysztwpg,465,0.603,31
noniid,mixed,fedbuff,j81afai0,10,0.2506,1
noniid,mixed,fedbuff,j81afai0,20,0.2611,2
noniid,mixed,fedbuff,j81afai0,30,0.2853,3
noniid,mixed,fedbuff,j81afai0,40,0.284,4
noniid,mixed,fedbuff,j81afai0,50,0.293,5
noniid,mixed,fedbuff,j81afai0,60,0.3139,6
noniid,mixed,fedbuff,j81afai0,70,0.3676,7
noniid,mixed,fedbuff,j81afai0,80,0.3926,8
noniid,mixed,fedbuff,j81afai0,90,0.3941,9
noniid,mixed,fedbuff,j81afai0,100,0.3812,10
noniid,mixed,fedbuff,j81afai0,110,0.3823,11
noniid,mixed,fedbuff,j81afai0,120,0.3986,12
noniid,mixed,fedbuff,j81afai0,130,0.4062,13
noniid,mixed,fedbuff,j81afai0,140,0.4121,14
noniid,mixed,fedbuff,j81afai0,150,0.4107,15
noniid,mixed,fedbuff,j81afai0,160,0.4357,16
noniid,mixed,fedbuff,j81afai0,170,0.4432,17
noniid,mixed,fedbuff,j81afai0,180,0.4434,18
noniid,mixed,fedbuff,j81afai0,190,0.4566,19
noniid,mixed,fedbuff,j81afai0,200,0.4711,20
noniid,mixed,fedbuff,j81afai0,210,0.4617,21
noniid,mixed,fedbuff,j81afai0,220,0.4457,22
noniid,mixed,fedbuff,j81afai0,230,0.4355,23
noniid,mixed,fedbuff,j81afai0,240,0.4503,24
noniid,mixed,fedbuff,j81afai0,250,0.4602,25
noniid,mixed,fedbuff,j81afai0,260,0.4625,26
noniid,mixed,fedbuff,j81afai0,270,0.4677,27
noniid,mixed,fedbuff,j81afai0,280,0.4858,28
noniid,mixed,fedbuff,j81afai0,290,0.4818,29
noniid,mixed,fedbuff,j81afai0,300,0.465,30
noniid,mixed,fedbuff,j81afai0,310,0.471,31
noniid,mixed,fedbuff,j81afai0,320,0.4984,32
noniid,mixed,fedbuff,j81afai0,330,0.5057,33
noniid,mixed,fedbuff,j81afai0,340,0.5021,34
noniid,mixed,fedbuff,j81afai0,350,0.4969,35
noniid,mixed,fedbuff,j81afai0,360,0.4704,36
noniid,mixed,fedbuff,j81afai0,370,0.4858,37
noniid,mixed,fedbuff,j81afai0,380,0.499,38
noniid,mixed,fedbuff,j81afai0,390,0.5095,39
noniid,mixed,fedbuff,j81afai0,400,0.5168,40
noniid,mixed,fedbuff,j81afai0,410,0.5242,41
noniid,mixed,fedbuff,j81afai0,420,0.5205,42
noniid,mixed,fedbuff,j81afai0,430,0.5131,43
noniid,mixed,fedbuff,j81afai0,440,0.536,44
noniid,mixed,fedbuff,j81afai0,450,0.5265,45
noniid,mixed,fedbuff,j81afai0,460,0.5214,46
noniid,mixed,fedbuff,j81afai0,470,0.53,47
noniid,mixed,fedbuff,j81afai0,480,0.5465,48
noniid,mixed,fedbuff,j81afai0,490,0.555,49
noniid,mixed,fedbuff,j81afai0,500,0.5533,50
noniid,mixed,fedbuff,j81afai0,510,0.5436,51
noniid,mixed,fedbuff,j81afai0,520,0.5379,52
noniid,mixed,fedbuff,j81afai0,530,0.5415,53
noniid,mixed,fedbuff,j81afai0,540,0.5422,54
noniid,mixed,fedbuff,j81afai0,550,0.5273,55
noniid,mixed,fedbuff,j81afai0,560,0.5334,56
noniid,mixed,fedbuff,j81afai0,570,0.5555,57
noniid,mixed,fedbuff,j81afai0,580,0.5641,58
noniid,mixed,fedbuff,j81afai0,590,0.5607,59
noniid,mixed,fedbuff,j81afai0,600,0.5571,60
noniid,mixed,fedbuff,j81afai0,610,0.5606,61
noniid,mixed,fedbuff,j81afai0,620,0.5594,62
noniid,mixed,fedbuff,j81afai0,630,0.5681,63
noniid,mixed,fedbuff,j81afai0,640,0.5638,64
noniid,mixed,fedbuff,j81afai0,650,0.5636,65
noniid,mixed,fedbuff,j81afai0,660,0.5688,66
noniid,mixed,fedbuff,j81afai0,670,0.5771,67
noniid,mixed,fedbuff,j81afai0,680,0.582,68
noniid,mixed,fedbuff,j81afai0,690,0.5797,69
noniid,mixed,fedbuff,j81afai0,700,0.569,70
noniid,mixed,fedbuff,j81afai0,710,0.5649,71
noniid,mixed,fedbuff,j81afai0,720,0.566,72
noniid,mixed,fedbuff,j81afai0,730,0.5712,73
noniid,mixed,fedbuff,j81afai0,740,0.5811,74
noniid,mixed,fedbuff,j81afai0,750,0.5853,75
noniid,mixed,fedbuff,j81afai0,760,0.5946,76
noniid,mixed,fedbuff,j81afai0,770,0.5939,77
noniid,mixed,fedbuff,j81afai0,780,0.5926,78
noniid,mixed,fedbuff,j81afai0,790,0.5944,79
noniid,mixed,fedbuff,j81afai0,800,0.5922,80
noniid,mixed,fedbuff,j81afai0,810,0.591,81
noniid,mixed,fedbuff,j81afai0,820,0.5968,82
noniid,mixed,fedbuff,j81afai0,830,0.5974,83
noniid,mixed,fedbuff,j81afai0,840,0.5948,84
noniid,mixed,fedbuff,j81afai0,850,0.586,85
noniid,mixed,fedbuff,j81afai0,860,0.5859,86
noniid,mixed,fedbuff,j81afai0,870,0.604,87
noniid,mixed,fedstaleweight,wyc9rjxq,10,0.27,1
noniid,mixed,fedstaleweight,wyc9rjxq,20,0.2728,2
noniid,mixed,fedstaleweight,wyc9rjxq,30,0.2854,3
noniid,mixed,fedstaleweight,wyc9rjxq,40,0.2856,4
noniid,mixed,fedstaleweight,wyc9rjxq,50,0.2945,5
noniid,mixed,fedstaleweight,wyc9rjxq,60,0.3298,6
noniid,mixed,fedstaleweight,wyc9rjxq,70,0.3975,7
noniid,mixed,fedstaleweight,wyc9rjxq,80,0.4212,8
noniid,mixed,fedstaleweight,wyc9rjxq,90,0.443,9
noniid,mixed,fedstaleweight,wyc9rjxq,100,0.4303,10
noniid,mixed,fedstaleweight,wyc9rjxq,110,0.4568,11
noniid,mixed,fedstaleweight,wyc9rjxq,120,0.4398,12
noniid,mixed,fedstaleweight,wyc9rjxq,130,0.4361,13
noniid,mixed,fedstaleweight,wyc9rjxq,140,0.4224,14
noniid,mixed,fedstaleweight,wyc9rjxq,150,0.4018,15
noniid,mixed,fedstaleweight,wyc9rjxq,160,0.4638,16
noniid,mixed,fedstaleweight,wyc9rjxq,170,0.4793,17
noniid,mixed,fedstaleweight,wyc9rjxq,180,0.4738,18
noniid,mixed,fedstaleweight,wyc9rjxq,190,0.4764,19
noniid,mixed,fedstaleweight,wyc9rjxq,200,0.4957,20
noniid,mixed,fedstaleweight,wyc9rjxq,210,0.4701,21
noniid,mixed,fedstaleweight,wyc9rjxq,220,0.4697,22
noniid,mixed,fedstaleweight,wyc9rjxq,230,0.4898,23
noniid,mixed,fedstaleweight,wyc9rjxq,240,0.4932,24
noniid,mixed,fedstaleweight,wyc9rjxq,250,0.4811,25
noniid,mixed,fedstaleweight,wyc9rjxq,260,0.5358,26
noniid,mixed,fedstaleweight,wyc9rjxq,270,0.5306,27
noniid,mixed,fedstaleweight,wyc9rjxq,280,0.54,28
noniid,mixed,fedstaleweight,wyc9rjxq,290,0.523,29
noniid,mixed,fedstaleweight,wyc9rjxq,300,0.499,30
noniid,mixed,fedstaleweight,wyc9rjxq,310,0.4773,31
noniid,mixed,fedstaleweight,wyc9rjxq,320,0.5119,32
noniid,mixed,fedstaleweight,wyc9rjxq,330,0.5114,33
noniid,mixed,fedstaleweight,wyc9rjxq,340,0.5133,34
noniid,mixed,fedstaleweight,wyc9rjxq,350,0.5185,35
noniid,mixed,fedstaleweight,wyc9rjxq,360,0.5557,36
noniid,mixed,fedstaleweight,wyc9rjxq,370,0.5499,37
noniid,mixed,fedstaleweight,wyc9rjxq,380,0.5427,38
noniid,mixed,fedstaleweight,wyc9rjxq,390,0.5698,39
noniid,mixed,fedstaleweight,wyc9rjxq,400,0.5349,40
noniid,mixed,fedstaleweight,wyc9rjxq,410,0.533,41
noniid,mixed,fedstaleweight,wyc9rjxq,420,0.5331,42
noniid,mixed,fedstaleweight,wyc9rjxq,430,0.5252,43
noniid,mixed,fedstaleweight,wyc9rjxq,440,0.5411,44
noniid,mixed,fedstaleweight,wyc9rjxq,450,0.5526,45
noniid,mixed,fedstaleweight,wyc9rjxq,460,0.5184,46
noniid,mixed,fedstaleweight,wyc9rjxq,470,0.5659,47
noniid,mixed,fedstaleweight,wyc9rjxq,480,0.5794,48
noniid,mixed,fedstaleweight,wyc9rjxq,490,0.5612,49
noniid,mixed,fedstaleweight,wyc9rjxq,500,0.5788,50
noniid,mixed,fedstaleweight,wyc9rjxq,510,0.5477,51
noniid,mixed,fedstaleweight,wyc9rjxq,520,0.5497,52
noniid,mixed,fedstaleweight,wyc9rjxq,530,0.5789,53
noniid,mixed,fedstaleweight,wyc9rjxq,540,0.5833,54
noniid,mixed,fedstaleweight,wyc9rjxq,550,0.5631,55
noniid,mixed,fedstaleweight,wyc9rjxq,560,0.5931,56
noniid,mixed,fedstaleweight,wyc9rjxq,570,0.5776,57
noniid,mixed,fedstaleweight,wyc9rjxq,580,0.5698,58
noniid,mixed,fedstaleweight,wyc9rjxq,590,0.5646,59
noniid,mixed,fedstaleweight,wyc9rjxq,600,0.5818,60
noniid,mixed,fedstaleweight,wyc9rjxq,610,0.5494,61
noniid,mixed,fedstaleweight,wyc9rjxq,620,0.5726,62
noniid,mixed,fedstaleweight,wyc9rjxq,630,0.5656,63
noniid,mixed,fedstaleweight,wyc9rjxq,640,0.5802,64
noniid,mixed,fedstaleweight,wyc9rjxq,650,0.5936,65
noniid,mixed,fedstaleweight,wyc9rjxq,660,0.6024,66
